id,first_name,last_name,email,gender,ip_address
1,Ardith,Birrell,abirrell0@trellian.com,Female,29.2.157.39
2,Emerson,Lidgertwood,elidgertwood1@bluehost.com,Male,138.193.155.250
3,Gerrard,Casse,gcasse2@nps.gov,Male,127.213.206.109
4,Daffie,Bleddon,dbleddon3@digg.com,Female,105.118.134.162
5,Skippie,Stoddard,sstoddard4@squarespace.com,Genderqueer,110.184.155.62
6,Celinka,Scroggie,cscroggie5@a8.net,Female,243.127.215.28
7,Danya,Pietersma,dpietersma6@usgs.gov,Female,65.121.64.153
8,Emelia,Roughley,eroughley7@businessweek.com,Female,119.255.227.93
9,Jandy,Bentham,jbentham8@cmu.edu,Female,236.141.154.94
10,Lanny,Heindrich,lheindrich9@lulu.com,Female,53.200.134.62
11,Ailee,Schwerin,aschwerina@xinhuanet.com,Female,135.10.223.200
12,Hobey,Bourton,hbourtonb@europa.eu,Bigender,31.11.32.148
13,Torre,Swinburn,tswinburnc@comsenz.com,Male,243.229.82.17
14,Joni,Saul,jsauld@comsenz.com,Female,122.250.110.74
15,Odey,McKeighan,omckeighane@phoca.cz,Genderqueer,75.171.134.158
16,Reilly,Polden,rpoldenf@alexa.com,Male,65.79.228.75
17,Dianne,McKelloch,dmckellochg@bing.com,Female,124.125.192.24
18,Micaela,Michelotti,mmichelottih@51.la,Female,246.186.46.237
19,Ingaberg,Spreckley,ispreckleyi@columbia.edu,Female,47.56.70.48
20,Rutherford,Linch,rlinchj@wufoo.com,Male,240.71.206.221
21,Randee,Fetteplace,rfetteplacek@sciencedirect.com,Genderfluid,247.204.153.210
22,Muriel,Simak,msimakl@cisco.com,Female,189.16.52.249
23,Waly,Reddan,wreddanm@nbcnews.com,Female,177.201.144.162
24,Jacob,Edgson,jedgsonn@amazon.co.jp,Male,199.149.63.91
25,Fayth,Eidelman,feidelmano@nydailynews.com,Female,39.36.55.155
26,Forest,Drohane,fdrohanep@webeden.co.uk,Male,197.240.46.133
27,Ibby,Houlton,ihoultonq@mediafire.com,Female,161.254.133.166
28,Alina,Colchett,acolchettr@dmoz.org,Bigender,174.5.188.14
29,Cloe,Barron,cbarrons@wisc.edu,Female,254.151.117.126
30,Lonee,Merriday,lmerridayt@apple.com,Female,83.185.150.128
31,Niven,Guitte,nguitteu@trellian.com,Male,112.117.109.10
32,Talia,Baldick,tbaldickv@ehow.com,Female,67.54.69.174
33,Rycca,Brompton,rbromptonw@ebay.com,Female,221.173.198.245
34,Derk,Sanderson,dsandersonx@hatena.ne.jp,Male,105.155.1.233
35,Katuscha,Anselm,kanselmy@soup.io,Female,181.175.249.167
36,Byran,Caudell,bcaudellz@a8.net,Male,183.27.23.139
37,Pall,Goning,pgoning10@cnbc.com,Male,80.141.243.228
38,Hubey,Philpot,hphilpot11@fotki.com,Male,182.98.84.106
39,Ralf,Hallybone,rhallybone12@gov.uk,Male,241.106.192.183
40,Darryl,Alanbrooke,dalanbrooke13@cam.ac.uk,Male,115.161.103.175
41,Avery,Laister,alaister14@miibeian.gov.cn,Male,236.66.212.149
42,Wes,Healing,whealing15@pagesperso-orange.fr,Male,189.166.200.252
43,Leta,Dable,ldable16@skyrock.com,Female,1.18.211.236
44,Winnifred,Korba,wkorba17@twitter.com,Female,201.125.3.29
45,Tomaso,Zavattero,tzavattero18@telegraph.co.uk,Genderqueer,97.106.41.6
46,Moritz,Leftbridge,mleftbridge19@163.com,Male,227.180.193.160
47,Carlina,Beyn,cbeyn1a@bandcamp.com,Female,120.4.22.235
48,Jazmin,Veschambre,jveschambre1b@ihg.com,Female,150.223.186.178
49,Allen,Battany,abattany1c@marriott.com,Male,97.124.199.41
50,Walsh,Oughtright,woughtright1d@ocn.ne.jp,Male,171.118.116.236
51,Eve,Stampfer,estampfer1e@nyu.edu,Female,55.242.147.45
52,Lancelot,Penley,lpenley1f@census.gov,Agender,89.161.94.8
53,Meta,Pedrollo,mpedrollo1g@spiegel.de,Female,118.85.173.168
54,Bettye,O'Heaney,boheaney1h@ask.com,Female,212.188.247.174
55,Olivia,Tipping,otipping1i@diigo.com,Female,142.108.212.28
56,Marya,Piller,mpiller1j@scientificamerican.com,Female,236.239.46.130
57,Gaylene,Le land,gleland1k@merriam-webster.com,Female,163.138.207.91
58,Marlon,Dennerly,mdennerly1l@oakley.com,Male,72.145.128.153
59,Gwenora,Pennycock,gpennycock1m@house.gov,Female,252.243.73.206
60,Samuele,Riveles,sriveles1n@cbslocal.com,Male,159.0.135.204
61,Emmalynn,Aldersey,ealdersey1o@goodreads.com,Female,248.109.2.118
62,Beryl,Meake,bmeake1p@biglobe.ne.jp,Female,60.34.3.6
63,Delmar,Gilbee,dgilbee1q@soup.io,Male,104.133.183.91
64,Kimmi,MacFaul,kmacfaul1r@who.int,Female,30.244.199.164
65,Laetitia,Savatier,lsavatier1s@mtv.com,Female,64.116.167.33
66,Dukie,Montrose,dmontrose1t@businessweek.com,Bigender,181.76.31.162
67,Katerina,Sousa,ksousa1u@twitter.com,Female,107.28.145.66
68,Ema,Jocelyn,ejocelyn1v@cargocollective.com,Female,87.129.43.9
69,Malory,Rosling,mrosling1w@hostgator.com,Female,202.209.59.15
70,Karine,Covill,kcovill1x@drupal.org,Female,51.170.231.141
71,Franky,Bollis,fbollis1y@nydailynews.com,Male,61.20.105.88
72,Sonnie,Tash,stash1z@ning.com,Female,219.145.160.144
73,Thibaut,Abram,tabram20@mashable.com,Male,63.206.145.183
74,Glenn,Yedy,gyedy21@homestead.com,Female,190.10.25.91
75,Rebecca,Keniwell,rkeniwell22@wikispaces.com,Female,108.197.139.108
76,Cher,Jouhning,cjouhning23@ameblo.jp,Female,0.82.165.190
77,Allina,Witul,awitul24@lycos.com,Female,167.153.235.250
78,Borden,Lamb,blamb25@ocn.ne.jp,Genderqueer,58.241.21.233
79,Fran,Greenwell,fgreenwell26@dailymotion.com,Male,95.135.193.150
80,Byrann,Thomas,bthomas27@comcast.net,Male,28.73.246.165
81,Jonah,Connerly,jconnerly28@xrea.com,Male,49.167.247.9
82,Matt,Cicccitti,mcicccitti29@multiply.com,Male,15.4.111.170
83,Leticia,Walcar,lwalcar2a@cornell.edu,Female,214.25.133.225
84,Ollie,Dowey,odowey2b@nationalgeographic.com,Female,132.97.252.159
85,Ky,Wych,kwych2c@google.fr,Male,59.163.11.176
86,Betty,Klimashevich,bklimashevich2d@mozilla.com,Female,57.177.44.238
87,Bartram,Lionel,blionel2e@youku.com,Male,68.190.75.3
88,Ric,Hoston,rhoston2f@com.com,Male,203.51.241.211
89,Ram,Itzhak,ritzhak2g@vinaora.com,Male,49.198.244.0
90,Talbot,Trainer,ttrainer2h@tuttocitta.it,Male,166.96.105.235
91,Ree,Yurkiewicz,ryurkiewicz2i@umn.edu,Female,65.29.230.229
92,Fonzie,Vallantine,fvallantine2j@tamu.edu,Male,164.57.151.89
93,Dulcia,Ost,dost2k@dagondesign.com,Female,138.132.237.230
94,Albertina,Meneghi,ameneghi2l@hhs.gov,Female,226.126.254.3
95,Lowe,Castledine,lcastledine2m@vinaora.com,Male,18.150.172.69
96,Redford,Cradick,rcradick2n@360.cn,Male,69.19.156.160
97,Shana,McKeand,smckeand2o@state.gov,Female,75.230.70.39
98,Carlo,Germon,cgermon2p@cdbaby.com,Male,168.249.201.189
99,Krisha,Brocks,kbrocks2q@patch.com,Male,28.31.1.194
100,Delia,Marc,dmarc2r@sakura.ne.jp,Female,238.62.188.133
101,Ardath,Walaron,awalaron2s@webnode.com,Female,152.89.211.191
102,Garvin,Gracewood,ggracewood2t@theglobeandmail.com,Male,202.145.73.93
103,Clair,Heaven,cheaven2u@cafepress.com,Polygender,159.94.19.180
104,Leone,Premble,lpremble2v@scientificamerican.com,Female,244.243.110.218
105,Erminia,Laetham,elaetham2w@twitpic.com,Female,166.114.58.99
106,Rusty,Millea,rmillea2x@goo.gl,Male,183.144.199.116
107,Babb,Oulner,boulner2y@alexa.com,Female,39.24.211.78
108,Helenka,Nisius,hnisius2z@soundcloud.com,Agender,245.63.220.200
109,Jodee,Domenge,jdomenge30@elpais.com,Female,44.136.193.254
110,Nanni,Manilo,nmanilo31@thetimes.co.uk,Female,92.13.241.211
111,Ewan,Sander,esander32@jimdo.com,Male,185.222.161.245
112,Burt,Fieldsend,bfieldsend33@netlog.com,Male,140.216.99.220
113,Colan,Twelvetrees,ctwelvetrees34@w3.org,Polygender,107.35.11.120
114,Rosmunda,Loudiane,rloudiane35@msu.edu,Female,190.113.183.16
115,Irving,Brisson,ibrisson36@businessinsider.com,Male,85.31.199.213
116,Cindee,Smerdon,csmerdon37@drupal.org,Female,101.56.18.86
117,Blaire,Weddup,bweddup38@com.com,Female,132.111.211.16
118,Gabie,Malden,gmalden39@narod.ru,Genderqueer,100.51.75.252
119,Gayla,Rudham,grudham3a@instagram.com,Female,253.220.83.125
120,Terencio,Tindley,ttindley3b@usnews.com,Male,158.202.37.227
121,Ferne,Guillford,fguillford3c@icio.us,Female,16.54.157.232
122,Maxie,Fearon,mfearon3d@nbcnews.com,Female,214.84.17.202
123,Hurleigh,Eplate,heplate3e@tuttocitta.it,Male,144.61.201.79
124,Kissie,Pechan,kpechan3f@hud.gov,Female,83.105.31.136
125,Sindee,Hopfner,shopfner3g@netlog.com,Female,85.253.128.111
126,Eden,Quiney,equiney3h@vk.com,Female,27.62.19.163
127,Chad,Helix,chelix3i@mozilla.org,Female,147.248.174.43
128,Tiffani,Stanwix,tstanwix3j@oaic.gov.au,Female,101.85.173.202
129,Niccolo,Tilio,ntilio3k@reference.com,Male,102.245.38.235
130,Violante,Connelly,vconnelly3l@opensource.org,Female,97.211.175.190
131,Raimondo,Jurczak,rjurczak3m@purevolume.com,Male,213.79.17.235
132,Evanne,Duchant,educhant3n@nymag.com,Female,92.34.94.2
133,Shirl,Smails,ssmails3o@bluehost.com,Female,252.190.213.136
134,Renard,Rosbotham,rrosbotham3p@t.co,Male,234.204.208.179
135,Didi,Vittel,dvittel3q@theatlantic.com,Female,64.153.83.18
136,Nichole,Bissatt,nbissatt3r@smugmug.com,Female,117.205.120.191
137,Katine,Kearton,kkearton3s@dyndns.org,Female,115.169.18.94
138,Veronika,Roome,vroome3t@google.ca,Bigender,243.50.175.225
139,Nollie,Brouncker,nbrouncker3u@jiathis.com,Male,36.49.163.235
140,Garold,Dimont,gdimont3v@digg.com,Male,227.29.89.41
141,Onida,Bourbon,obourbon3w@pagesperso-orange.fr,Agender,66.202.155.132
142,Robbert,Braisher,rbraisher3x@telegraph.co.uk,Male,48.194.52.29
143,Any,Westphal,awestphal3y@spotify.com,Male,116.73.36.188
144,Noland,Bolesma,nbolesma3z@blogtalkradio.com,Male,150.179.14.145
145,Witty,Naerup,wnaerup40@imdb.com,Male,40.205.133.24
146,Schuyler,Bake,sbake41@cyberchimps.com,Male,102.149.170.124
147,Ricca,Horsfield,rhorsfield42@princeton.edu,Genderqueer,84.243.184.8
148,Jennie,Shortland,jshortland43@webeden.co.uk,Female,212.190.246.80
149,Carine,Nicklin,cnicklin44@google.ca,Female,219.55.32.18
150,Raven,Ilewicz,rilewicz45@bandcamp.com,Female,84.203.200.4
151,Elwin,Riccardo,ericcardo46@intel.com,Male,130.206.9.17
152,Asher,Bunnell,abunnell47@statcounter.com,Male,195.222.213.126
153,Tammie,Cowp,tcowp48@rakuten.co.jp,Female,77.157.171.108
154,Dana,Swadlin,dswadlin49@feedburner.com,Male,23.203.99.62
155,Maud,Parley,mparley4a@posterous.com,Female,0.125.2.54
156,Renado,Calltone,rcalltone4b@stanford.edu,Male,34.45.187.242
157,Gayle,Plum,gplum4c@marketwatch.com,Male,210.129.54.51
158,Cornell,Stokell,cstokell4d@usnews.com,Male,17.175.46.221
159,Walsh,Campsall,wcampsall4e@salon.com,Male,187.217.57.72
160,Brendis,Anderson,banderson4f@imdb.com,Male,87.117.75.5
161,Douglas,Ennals,dennals4g@census.gov,Male,162.7.158.68
162,Edythe,Coveley,ecoveley4h@uiuc.edu,Genderfluid,152.100.219.229
163,Odey,Griggs,ogriggs4i@auda.org.au,Male,148.197.180.142
164,Adams,Dollimore,adollimore4j@yellowpages.com,Male,226.146.50.102
165,Margalit,Albrighton,malbrighton4k@sourceforge.net,Female,165.203.172.225
166,Rockie,McGrae,rmcgrae4l@yandex.ru,Bigender,26.226.248.225
167,Penelope,Iacoboni,piacoboni4m@cyberchimps.com,Female,135.15.191.55
168,Cristi,MacAlpyne,cmacalpyne4n@1und1.de,Female,190.43.61.252
169,Tiphani,Stronough,tstronough4o@ovh.net,Female,199.110.226.204
170,Geri,Sent,gsent4p@creativecommons.org,Male,41.92.221.8
171,Meta,Wardell,mwardell4q@tuttocitta.it,Female,253.37.155.163
172,Pennie,Grafton-Herbert,pgraftonherbert4r@zdnet.com,Bigender,20.16.168.24
173,Caspar,Perel,cperel4s@hatena.ne.jp,Male,118.221.238.28
174,Arin,Clayden,aclayden4t@nasa.gov,Male,51.125.247.161
175,Sergent,Jarmain,sjarmain4u@howstuffworks.com,Male,231.8.91.104
176,Gabe,Kovalski,gkovalski4v@intel.com,Male,5.39.58.85
177,Breanne,Boken,bboken4w@cdbaby.com,Female,199.67.175.233
178,Isabelle,Hedderly,ihedderly4x@chronoengine.com,Female,112.123.163.73
179,Parsifal,Goode,pgoode4y@cbslocal.com,Male,241.119.202.12
180,Elsie,Ablett,eablett4z@blogs.com,Female,66.37.185.164
181,Dell,Brinklow,dbrinklow50@china.com.cn,Female,15.85.133.0
182,Temp,Smorthit,tsmorthit51@usda.gov,Male,236.204.196.24
183,Hieronymus,Petchey,hpetchey52@prweb.com,Male,61.120.143.24
184,Heddie,Eyckelbeck,heyckelbeck53@cnn.com,Female,150.81.129.51
185,Banky,Bosch,bbosch54@pagesperso-orange.fr,Male,163.42.3.224
186,Lenard,Gaythor,lgaythor55@odnoklassniki.ru,Male,107.176.169.79
187,Delcina,Sprankling,dsprankling56@alibaba.com,Female,85.95.168.51
188,Johannes,Trood,jtrood57@abc.net.au,Male,208.125.222.158
189,Rafaela,Koop,rkoop58@themeforest.net,Polygender,156.44.48.192
190,Nichols,Saggs,nsaggs59@yellowbook.com,Male,224.128.20.76
191,Micheal,Wyman,mwyman5a@jiathis.com,Male,235.208.80.34
192,Sindee,Curee,scuree5b@princeton.edu,Female,90.160.245.221
193,Frasier,Vogt,fvogt5c@go.com,Male,206.60.131.77
194,Enriqueta,Jore,ejore5d@sciencedirect.com,Female,249.6.41.148
195,Eveline,Gothup,egothup5e@mayoclinic.com,Female,223.197.218.214
196,Major,Pettitt,mpettitt5f@cnbc.com,Male,227.61.141.10
197,Amaleta,Spata,aspata5g@acquirethisname.com,Female,9.201.206.34
198,Rees,Voff,rvoff5h@state.tx.us,Male,184.48.125.86
199,Cletus,Binney,cbinney5i@yahoo.com,Male,4.97.38.33
200,Star,Leidecker,sleidecker5j@netvibes.com,Polygender,39.167.70.255
201,Sheffield,Tuckie,stuckie5k@blinklist.com,Male,250.14.73.95
202,Gardener,Cawdery,gcawdery5l@nytimes.com,Male,230.237.221.141
203,Jada,Dwire,jdwire5m@bigcartel.com,Female,114.77.29.159
204,Marcelle,Plum,mplum5n@blinklist.com,Female,144.88.236.112
205,Ruperta,Ridsdale,rridsdale5o@miibeian.gov.cn,Female,250.167.217.10
206,Cornie,Abbie,cabbie5p@admin.ch,Female,58.182.126.86
207,Tyler,Wimsett,twimsett5q@opera.com,Male,113.193.169.21
208,Taylor,Volcker,tvolcker5r@vkontakte.ru,Male,145.80.200.49
209,Ruprecht,Batalini,rbatalini5s@nasa.gov,Male,106.55.47.105
210,Hadlee,Colbert,hcolbert5t@dailymail.co.uk,Male,236.161.157.9
211,Diane-marie,Gahagan,dgahagan5u@plala.or.jp,Female,78.118.177.115
212,Umeko,Tungay,utungay5v@qq.com,Female,41.181.102.130
213,Murial,Grabham,mgrabham5w@webmd.com,Female,199.116.189.191
214,Esteban,Polotti,epolotti5x@spotify.com,Male,177.3.70.166
215,Adamo,Shankland,ashankland5y@gov.uk,Male,138.117.205.22
216,Conrado,O'Leagham,coleagham5z@linkedin.com,Male,164.190.162.186
217,Toma,Digwood,tdigwood60@a8.net,Female,180.150.44.118
218,Daisi,Skeat,dskeat61@ebay.com,Genderfluid,183.65.180.216
219,Clarita,Wesker,cwesker62@google.pl,Female,36.209.146.133
220,Marja,Tice,mtice63@360.cn,Female,132.210.57.112
221,Legra,Dibdale,ldibdale64@cornell.edu,Female,33.89.245.17
222,Shellie,Worham,sworham65@nifty.com,Female,44.9.243.192
223,Leanora,Ferney,lferney66@blinklist.com,Female,194.86.171.60
224,Bianka,Rabley,brabley67@who.int,Female,251.42.88.20
225,Ella,Tapsell,etapsell68@huffingtonpost.com,Female,116.63.24.174
226,Gipsy,Ollarenshaw,gollarenshaw69@ovh.net,Female,210.67.214.64
227,Randa,Dennis,rdennis6a@vimeo.com,Polygender,178.197.164.240
228,Eleanore,Gossipin,egossipin6b@edublogs.org,Polygender,37.76.194.96
229,Isidor,Likely,ilikely6c@army.mil,Male,172.246.114.47
230,Duky,Bourges,dbourges6d@facebook.com,Male,124.106.65.25
231,Avictor,Bedberry,abedberry6e@quantcast.com,Male,64.52.63.23
232,Tiffi,Delos,tdelos6f@yandex.ru,Female,103.52.3.110
233,Lennard,Childes,lchildes6g@disqus.com,Male,238.71.4.241
234,Huey,Goodredge,hgoodredge6h@php.net,Male,66.104.4.127
235,Merla,De Bruyn,mdebruyn6i@mysql.com,Female,230.134.58.30
236,Justis,Waddicor,jwaddicor6j@tinypic.com,Non-binary,121.107.162.57
237,Luci,Pamplin,lpamplin6k@digg.com,Female,183.177.242.166
238,Mellie,Huntress,mhuntress6l@nih.gov,Non-binary,34.100.37.33
239,Abey,Ambrosoli,aambrosoli6m@wikipedia.org,Male,89.135.178.14
240,Sancho,Dunley,sdunley6n@odnoklassniki.ru,Male,55.107.183.251
241,Sigfrid,Gosforth,sgosforth6o@barnesandnoble.com,Male,91.192.65.93
242,Skelly,Curcher,scurcher6p@google.fr,Male,153.117.197.76
243,Fernanda,Pawfoot,fpawfoot6q@clickbank.net,Female,211.222.79.206
244,Phyllida,Peacey,ppeacey6r@yahoo.co.jp,Female,191.252.133.120
245,Osmond,Bails,obails6s@shinystat.com,Polygender,90.157.238.72
246,Albrecht,Suckling,asuckling6t@yellowbook.com,Male,169.60.134.79
247,Sherm,Withull,swithull6u@biblegateway.com,Male,149.188.201.195
248,Christophe,Chantree,cchantree6v@uiuc.edu,Male,219.161.68.251
249,Margarethe,Daniel,mdaniel6w@printfriendly.com,Female,198.33.152.232
250,Egan,Bentz,ebentz6x@apple.com,Male,48.63.206.103
251,Darci,Adamthwaite,dadamthwaite6y@taobao.com,Female,247.196.85.98
252,Meriel,Kinker,mkinker6z@springer.com,Female,209.212.40.205
253,Stanfield,Goghin,sgoghin70@vistaprint.com,Male,112.194.6.15
254,Fanchon,Chevolleau,fchevolleau71@bluehost.com,Female,183.69.134.87
255,Hugo,Cubbino,hcubbino72@ustream.tv,Male,5.156.180.103
256,Esdras,Cadwaladr,ecadwaladr73@slashdot.org,Male,64.42.59.97
257,Efren,Scardafield,escardafield74@simplemachines.org,Male,195.22.110.254
258,Sandor,Baxandall,sbaxandall75@seesaa.net,Male,216.129.107.111
259,Lawton,Busen,lbusen76@loc.gov,Male,55.75.170.220
260,Nelie,Tukely,ntukely77@twitter.com,Female,254.245.103.64
261,Baird,Taft,btaft78@jiathis.com,Male,194.0.247.99
262,Ginnifer,Maccrea,gmaccrea79@dagondesign.com,Female,167.160.189.192
263,Ray,Moyne,rmoyne7a@topsy.com,Male,197.130.181.164
264,Tadd,Febre,tfebre7b@google.com.hk,Male,83.242.72.42
265,Isidoro,O'Collopy,iocollopy7c@etsy.com,Male,231.8.12.128
266,Perle,Hiddersley,phiddersley7d@aol.com,Female,57.239.132.117
267,Kelwin,Digwood,kdigwood7e@ebay.co.uk,Male,36.9.87.178
268,Blancha,Alexsandrov,balexsandrov7f@edublogs.org,Female,204.71.226.129
269,Dane,Hacquel,dhacquel7g@nature.com,Male,254.85.132.176
270,Mic,MacCahee,mmaccahee7h@goo.gl,Male,214.26.235.72
271,Alphonso,Kiehne,akiehne7i@discuz.net,Male,139.60.221.162
272,Melinde,Conlon,mconlon7j@spotify.com,Female,55.91.83.32
273,Alley,Tomasello,atomasello7k@friendfeed.com,Male,24.196.66.89
274,Kale,Kubiczek,kkubiczek7l@parallels.com,Male,250.166.69.181
275,Carmel,Juggings,cjuggings7m@archive.org,Female,190.191.93.218
276,Gayle,Jursch,gjursch7n@hugedomains.com,Non-binary,211.10.98.68
277,Brad,Boutcher,bboutcher7o@thetimes.co.uk,Genderfluid,1.103.246.151
278,Danice,Veysey,dveysey7p@amazon.com,Agender,198.200.177.18
279,Norby,Turn,nturn7q@economist.com,Male,113.116.182.207
280,Hamil,Marskell,hmarskell7r@harvard.edu,Male,5.87.15.220
281,Meredith,Folbige,mfolbige7s@google.ru,Female,141.217.97.31
282,Armstrong,Juppe,ajuppe7t@cbslocal.com,Male,195.40.225.161
283,Ivar,Furphy,ifurphy7u@goo.gl,Male,81.119.127.204
284,Corene,Lapree,clapree7v@yahoo.co.jp,Female,217.248.138.182
285,Silvie,Mitkcov,smitkcov7w@issuu.com,Female,248.66.250.77
286,Sharlene,Dallewater,sdallewater7x@livejournal.com,Female,45.210.10.225
287,Arman,Bartolomivis,abartolomivis7y@51.la,Male,7.239.183.69
288,Dori,McGirr,dmcgirr7z@odnoklassniki.ru,Female,148.9.113.75
289,Delmar,Tolliday,dtolliday80@vimeo.com,Bigender,80.6.167.229
290,Kipp,Hoffmann,khoffmann81@seesaa.net,Female,38.67.217.39
291,West,Geillier,wgeillier82@istockphoto.com,Male,95.47.13.240
292,Mathe,Hanscom,mhanscom83@msn.com,Male,124.238.2.168
293,Esme,Velareal,evelareal84@wisc.edu,Female,176.88.40.172
294,Nikos,Sporton,nsporton85@a8.net,Male,92.12.67.133
295,Stafford,Walton,swalton86@diigo.com,Male,43.202.16.54
296,Vassili,Guillet,vguillet87@baidu.com,Male,163.196.162.253
297,Halley,Hessel,hhessel88@baidu.com,Polygender,155.249.235.147
298,Johannes,Lyard,jlyard89@mashable.com,Male,128.90.69.30
299,Clarita,Allett,callett8a@ted.com,Female,65.142.10.68
300,Whitney,Dybald,wdybald8b@nature.com,Male,45.58.79.146
301,Brodie,Sebrook,bsebrook8c@xing.com,Male,180.117.114.252
302,Vinnie,Capstack,vcapstack8d@loc.gov,Male,229.63.252.146
303,Nonna,Impett,nimpett8e@youtube.com,Female,216.85.209.104
304,Lari,Varne,lvarne8f@illinois.edu,Female,233.178.106.193
305,Dela,Bristowe,dbristowe8g@baidu.com,Female,108.75.119.253
306,Woodrow,Tinniswood,wtinniswood8h@admin.ch,Male,194.209.5.123
307,Jarid,Walsh,jwalsh8i@google.ru,Polygender,89.140.90.19
308,Wilone,Giddens,wgiddens8j@ebay.co.uk,Female,108.6.50.243
309,Cecil,Pellew,cpellew8k@bluehost.com,Male,126.230.26.34
310,Sid,Scarce,sscarce8l@smh.com.au,Male,209.58.18.224
311,Waylen,Ratledge,wratledge8m@europa.eu,Male,198.211.237.235
312,Lowe,McGonigle,lmcgonigle8n@aboutads.info,Male,34.60.148.4
313,Roddie,O'Quin,roquin8o@creativecommons.org,Male,100.108.105.79
314,Mick,Gibbetts,mgibbetts8p@histats.com,Male,107.238.134.5
315,Buiron,Hemeret,bhemeret8q@wufoo.com,Male,88.252.191.142
316,Evin,Piggott,epiggott8r@mac.com,Male,12.25.224.249
317,Elwyn,Dyneley,edyneley8s@engadget.com,Male,108.145.4.72
318,Webb,Guinan,wguinan8t@sciencedaily.com,Male,242.238.59.191
319,Seumas,Siveter,ssiveter8u@pinterest.com,Male,132.85.199.86
320,Hilary,Gooder,hgooder8v@flickr.com,Agender,38.194.51.82
321,Court,Blaby,cblaby8w@yellowpages.com,Male,124.218.118.105
322,Helene,Boness,hboness8x@myspace.com,Female,100.226.198.162
323,Heinrik,Coe,hcoe8y@virginia.edu,Male,146.225.208.76
324,Udell,Woloschin,uwoloschin8z@diigo.com,Male,30.106.63.67
325,Bibi,Abry,babry90@over-blog.com,Bigender,62.125.228.222
326,Marjory,Bill,mbill91@de.vu,Female,104.247.115.177
327,Abner,Longcaster,alongcaster92@slate.com,Male,214.134.99.67
328,Anastasia,Thurley,athurley93@usgs.gov,Female,8.68.242.167
329,Heinrick,O Mullen,homullen94@multiply.com,Male,43.95.188.158
330,Tamar,Fulker,tfulker95@domainmarket.com,Agender,179.88.181.135
331,Efrem,Attlee,eattlee96@aol.com,Male,43.142.98.142
332,Jenni,Babbage,jbabbage97@netvibes.com,Female,198.111.158.126
333,Bessie,Grundon,bgrundon98@zdnet.com,Female,238.52.182.208
334,Julie,Slowan,jslowan99@uiuc.edu,Male,167.85.206.182
335,Birch,Kunat,bkunat9a@behance.net,Male,186.80.51.73
336,Otha,Mellings,omellings9b@storify.com,Female,20.107.197.78
337,Greggory,Natte,gnatte9c@google.co.jp,Male,233.2.34.188
338,Haven,Kefford,hkefford9d@mozilla.com,Male,50.137.250.219
339,Dollie,Algore,dalgore9e@spiegel.de,Female,65.110.188.106
340,Cynde,Kencott,ckencott9f@cbsnews.com,Female,3.20.229.130
341,Charmian,Adrien,cadrien9g@kickstarter.com,Female,224.143.207.182
342,Arne,Holworth,aholworth9h@blogspot.com,Male,152.33.47.30
343,Juliane,Purton,jpurton9i@mtv.com,Female,174.204.80.239
344,Joe,Martinec,jmartinec9j@freewebs.com,Male,181.94.187.139
345,Everard,Crinage,ecrinage9k@ft.com,Male,23.175.110.47
346,Idalina,Cheake,icheake9l@about.com,Female,157.171.191.183
347,Lacey,McGiven,lmcgiven9m@bigcartel.com,Female,155.135.115.211
348,Nerta,Bondar,nbondar9n@bbb.org,Agender,174.254.237.251
349,Jori,Getch,jgetch9o@microsoft.com,Female,136.146.100.250
350,Jordan,Scrivens,jscrivens9p@goo.ne.jp,Male,252.209.112.204
351,Pinchas,Bradtke,pbradtke9q@sfgate.com,Agender,223.146.233.64
352,Merci,Stothert,mstothert9r@ezinearticles.com,Female,4.146.200.40
353,Tasia,Lord,tlord9s@netvibes.com,Female,207.210.182.80
354,Jillie,Ayce,jayce9t@ovh.net,Polygender,60.233.200.178
355,Ruthann,Wyvill,rwyvill9u@blog.com,Female,95.81.129.136
356,Guy,Habershaw,ghabershaw9v@diigo.com,Male,60.59.81.0
357,Honor,Wolfers,hwolfers9w@examiner.com,Female,14.180.184.211
358,Rhody,Clawsley,rclawsley9x@posterous.com,Female,137.246.230.50
359,Raynell,Node,rnode9y@reddit.com,Agender,161.238.54.222
360,Adan,Sayles,asayles9z@jimdo.com,Male,132.5.86.57
361,Dorthea,Bellamy,dbellamya0@fastcompany.com,Female,130.131.246.236
362,Estevan,Robotham,erobothama1@admin.ch,Male,120.254.159.210
363,Neil,Inkin,ninkina2@mapy.cz,Male,236.174.77.232
364,Baxy,Hellmer,bhellmera3@123-reg.co.uk,Male,152.252.167.134
365,Manuel,Lessmare,mlessmarea4@netlog.com,Male,39.214.38.157
366,Morganica,Skade,mskadea5@businessweek.com,Female,124.214.70.117
367,Sara,Allston,sallstona6@cbslocal.com,Female,30.240.19.106
368,Ody,Vero,overoa7@nytimes.com,Male,31.91.25.234
369,Lavinia,Marnane,lmarnanea8@histats.com,Female,239.189.172.122
370,Terrence,Nasi,tnasia9@gnu.org,Male,227.233.32.27
371,Theresa,Tichelaar,ttichelaaraa@about.me,Female,226.65.49.13
372,Gabe,Fullegar,gfullegarab@examiner.com,Male,217.37.243.82
373,Ealasaid,Coulthart,ecoulthartac@privacy.gov.au,Female,102.10.244.66
374,Saul,Barttrum,sbarttrumad@ebay.co.uk,Male,70.242.193.17
375,Merry,Northwood,mnorthwoodae@csmonitor.com,Female,44.30.221.51
376,Decca,Prichard,dprichardaf@wikimedia.org,Male,249.70.130.72
377,Dominga,Foro,dforoag@hatena.ne.jp,Female,234.55.184.207
378,Mitchel,Chong,mchongah@wunderground.com,Agender,251.2.191.140
379,Bernelle,Iacobacci,biacobacciai@phpbb.com,Female,116.12.105.103
380,Laurie,Posselt,lposseltaj@wunderground.com,Female,205.155.232.85
381,Livvie,Akett,lakettak@businesswire.com,Polygender,3.183.174.151
382,Miles,Gwilym,mgwilymal@bbb.org,Male,194.0.154.105
383,Errick,Machen,emachenam@friendfeed.com,Male,16.209.107.134
384,Glori,Lenin,gleninan@pbs.org,Female,131.205.116.70
385,Antony,Rookledge,arookledgeao@archive.org,Male,54.91.4.171
386,Margaretta,Kinder,mkinderap@dyndns.org,Non-binary,8.223.162.9
387,Antonietta,Strother,astrotheraq@marketwatch.com,Female,76.186.144.177
388,Quintilla,Crinidge,qcrinidgear@examiner.com,Female,84.115.134.53
389,Hillie,Colleton,hcolletonas@omniture.com,Male,183.17.221.233
390,Stacie,Freshwater,sfreshwaterat@desdev.cn,Female,203.106.250.9
391,Imogen,Jaycocks,ijaycocksau@tripadvisor.com,Female,238.112.47.128
392,Becka,Christian,bchristianav@dailymotion.com,Female,99.118.20.126
393,Cristiano,Budnik,cbudnikaw@bravesites.com,Male,236.76.41.16
394,Thedric,Jentzsch,tjentzschax@soup.io,Male,191.231.38.94
395,Ivory,Varns,ivarnsay@wordpress.com,Polygender,220.97.154.105
396,Carissa,Jzak,cjzakaz@diigo.com,Female,6.248.245.221
397,Lars,Tantum,ltantumb0@yale.edu,Male,27.185.142.151
398,Drusie,Bust,dbustb1@mlb.com,Female,55.69.119.169
399,Wendell,Pooly,wpoolyb2@themeforest.net,Male,85.48.46.78
400,Bunni,Lindborg,blindborgb3@msu.edu,Female,124.87.210.17
401,Penni,Back,pbackb4@qq.com,Female,154.184.36.117
402,Fancie,McParland,fmcparlandb5@sciencedirect.com,Female,110.132.26.112
403,Even,Durant,edurantb6@youku.com,Male,137.151.53.96
404,Catlin,Hane,chaneb7@hostgator.com,Female,17.226.25.87
405,Titus,MacGaughie,tmacgaughieb8@diigo.com,Male,246.177.166.230
406,Biddie,Eckhard,beckhardb9@blog.com,Female,155.46.83.199
407,Devon,Heppner,dheppnerba@dagondesign.com,Female,88.48.240.135
408,Colby,Itzkovwitch,citzkovwitchbb@biglobe.ne.jp,Male,67.163.95.107
409,Heall,Emlin,hemlinbc@usnews.com,Male,60.102.32.36
410,Solomon,Downs,sdownsbd@a8.net,Male,32.109.220.140
411,Krishna,McLoney,kmcloneybe@unc.edu,Male,239.183.162.117
412,Craig,Ashington,cashingtonbf@1688.com,Genderqueer,24.181.40.63
413,Celestyn,McNysche,cmcnyschebg@jigsy.com,Female,165.32.204.98
414,Alta,Eccleshall,aeccleshallbh@apache.org,Female,55.81.63.132
415,Massimo,Mazzei,mmazzeibi@rakuten.co.jp,Male,149.61.178.23
416,Devonne,Barnsley,dbarnsleybj@tripod.com,Female,144.156.136.50
417,Ingmar,Bardsley,ibardsleybk@huffingtonpost.com,Male,249.216.197.230
418,Geri,Crotty,gcrottybl@github.com,Female,184.61.250.71
419,Rosabella,Leffek,rleffekbm@sourceforge.net,Female,194.200.142.198
420,Lyon,Vasyutochkin,lvasyutochkinbn@tiny.cc,Male,137.77.171.118
421,Raviv,Mc Pake,rmcpakebo@marketwatch.com,Male,133.174.29.40
422,Mufi,Bezzant,mbezzantbp@soup.io,Female,73.76.62.117
423,Gael,Gavagan,ggavaganbq@comcast.net,Male,251.110.255.246
424,Konstance,Gindghill,kgindghillbr@netvibes.com,Female,105.10.192.203
425,Geri,Byford,gbyfordbs@devhub.com,Non-binary,184.171.42.245
426,Rolland,Yakebovich,ryakebovichbt@hatena.ne.jp,Male,12.236.205.141
427,Marthena,Rubert,mrubertbu@msu.edu,Female,21.117.161.19
428,Art,Jedrzejczak,ajedrzejczakbv@joomla.org,Male,141.88.130.147
429,Tabbatha,Studdal,tstuddalbw@blogs.com,Female,165.99.188.164
430,Esmeralda,Calcott,ecalcottbx@xing.com,Polygender,29.93.214.186
431,Dalis,Lease,dleaseby@cbc.ca,Male,246.80.143.202
432,Durand,Cheasman,dcheasmanbz@biglobe.ne.jp,Male,137.15.91.66
433,Veriee,Sinclaire,vsinclairec0@php.net,Female,103.160.155.211
434,Amye,Burnyeat,aburnyeatc1@sourceforge.net,Female,18.105.35.243
435,Alethea,Snoddon,asnoddonc2@macromedia.com,Female,14.79.89.11
436,Jermaine,Haeslier,jhaeslierc3@yelp.com,Male,157.228.161.218
437,Lucas,O'Shaughnessy,loshaughnessyc4@google.it,Male,169.249.12.155
438,Bertha,Meiklejohn,bmeiklejohnc5@dropbox.com,Female,158.250.126.49
439,Gerti,McKinnon,gmckinnonc6@whitehouse.gov,Female,210.155.26.219
440,Carey,Aikin,caikinc7@smh.com.au,Female,181.151.84.167
441,Porty,Treves,ptrevesc8@sourceforge.net,Male,159.124.50.111
442,Conan,Ough,coughc9@icio.us,Male,171.86.6.210
443,Roldan,Pleace,rpleaceca@miitbeian.gov.cn,Genderqueer,216.92.232.185
444,Staford,Vamplers,svamplerscb@toplist.cz,Male,220.24.193.100
445,Peyton,Kropp,pkroppcc@usda.gov,Male,122.59.66.77
446,Boycie,Rosentholer,brosentholercd@blogspot.com,Male,191.232.173.181
447,Kirsten,Bengle,kbenglece@example.com,Female,87.137.131.252
448,Emmalyn,Bartel,ebartelcf@wp.com,Female,178.255.190.55
449,Gussi,Crombleholme,gcrombleholmecg@admin.ch,Female,24.105.9.144
450,Natty,Kohrsen,nkohrsench@i2i.jp,Female,226.11.66.229
451,Jeanine,Hillitt,jhillittci@hao123.com,Female,184.20.10.74
452,Querida,Ahrens,qahrenscj@patch.com,Female,205.48.162.233
453,Bill,Goad,bgoadck@flavors.me,Male,10.19.199.181
454,Rosemonde,Dearth,rdearthcl@trellian.com,Female,143.17.160.195
455,Merrill,Baus,mbauscm@ox.ac.uk,Female,206.29.140.240
456,Zechariah,Lampens,zlampenscn@yellowbook.com,Non-binary,26.248.199.229
457,Chiquia,Moorcroft,cmoorcroftco@reverbnation.com,Female,105.116.141.228
458,Jackquelin,Davisson,jdavissoncp@mayoclinic.com,Female,91.160.99.97
459,Nevile,Ianelli,nianellicq@europa.eu,Male,138.157.164.122
460,Jarred,Espina,jespinacr@sciencedirect.com,Male,160.151.152.188
461,Jobina,Morland,jmorlandcs@ft.com,Female,161.39.71.32
462,Katy,Leahy,kleahyct@census.gov,Female,183.152.249.125
463,Tedi,Weepers,tweeperscu@chicagotribune.com,Female,20.192.252.233
464,Merrie,Lesor,mlesorcv@gnu.org,Female,56.135.146.173
465,Alta,Harradine,aharradinecw@taobao.com,Female,36.108.180.93
466,Corenda,Cosslett,ccosslettcx@state.gov,Female,104.203.109.115
467,Janifer,Glassard,jglassardcy@themeforest.net,Female,116.215.153.233
468,Giovanna,Kildahl,gkildahlcz@phoca.cz,Female,87.247.85.32
469,Blaine,Dungate,bdungated0@tuttocitta.it,Male,236.1.26.53
470,Janifer,Cavozzi,jcavozzid1@tinyurl.com,Female,105.234.29.141
471,Lynda,Stockin,lstockind2@typepad.com,Female,51.38.117.28
472,Stephine,Lucken,sluckend3@reverbnation.com,Female,247.45.73.19
473,Markus,Falkner,mfalknerd4@netlog.com,Male,234.162.13.29
474,Collin,Satterthwaite,csatterthwaited5@ihg.com,Male,108.242.245.142
475,Donnamarie,Tomaschke,dtomaschked6@lulu.com,Female,168.11.78.166
476,Wilton,Houltham,whoulthamd7@last.fm,Male,218.174.156.39
477,Abrahan,Christophersen,achristophersend8@newyorker.com,Male,207.213.166.185
478,Zea,Owttrim,zowttrimd9@telegraph.co.uk,Female,110.102.186.91
479,Hagan,Tocknell,htocknellda@gnu.org,Male,36.244.186.64
480,Ivy,Pyatt,ipyattdb@1und1.de,Female,145.170.16.49
481,Salomone,Palley,spalleydc@soup.io,Male,126.48.7.239
482,Nelli,Stopps,nstoppsdd@theatlantic.com,Female,27.188.15.103
483,Adaline,Hincham,ahinchamde@soundcloud.com,Female,49.101.46.43
484,Jacquenetta,Pittoli,jpittolidf@uol.com.br,Female,209.83.78.162
485,Ole,Bausmann,obausmanndg@seesaa.net,Male,244.239.42.210
486,Marietta,Lamb-shine,mlambshinedh@parallels.com,Female,15.103.198.107
487,Bowie,Guillon,bguillondi@photobucket.com,Male,34.150.56.214
488,Thaddus,Blackford,tblackforddj@amazonaws.com,Male,9.2.252.155
489,Barnaby,Wigglesworth,bwigglesworthdk@prlog.org,Male,118.17.75.178
490,Donnie,Castagne,dcastagnedl@artisteer.com,Male,178.149.134.252
491,Brice,Brislan,bbrislandm@patch.com,Male,249.225.166.1
492,Phylis,Brumpton,pbrumptondn@ucoz.com,Female,23.255.240.12
493,Titus,Johl,tjohldo@vinaora.com,Male,65.118.26.111
494,Joana,Calderhead,jcalderheaddp@sourceforge.net,Genderfluid,224.163.13.117
495,Kylila,Eadie,keadiedq@shop-pro.jp,Polygender,175.167.59.86
496,Micky,Jonsson,mjonssondr@cbslocal.com,Female,97.250.66.233
497,Christoper,Grayer,cgrayerds@auda.org.au,Male,254.248.25.138
498,Berky,Bragginton,bbraggintondt@globo.com,Agender,214.95.235.19
499,Lavina,Zavattiero,lzavattierodu@usda.gov,Female,204.19.22.165
500,Alice,Holborn,aholborndv@yelp.com,Female,95.205.20.146
501,Kerry,Hembery,khemberydw@prlog.org,Female,141.84.100.15
502,Arri,Ferminger,afermingerdx@google.com,Male,3.67.142.140
503,Giordano,Monini,gmoninidy@dailymotion.com,Genderqueer,26.210.111.106
504,Amil,Pasley,apasleydz@woothemes.com,Female,35.65.12.103
505,Nolly,Cox,ncoxe0@dmoz.org,Male,49.209.95.101
506,Ivie,Painswick,ipainswicke1@cmu.edu,Female,99.69.224.173
507,Bogart,Innes,binnese2@odnoklassniki.ru,Male,88.227.90.158
508,Eddie,Rowlson,erowlsone3@nba.com,Male,149.189.7.211
509,Hart,Grgic,hgrgice4@bluehost.com,Genderfluid,56.196.26.214
510,Regan,Coatsworth,rcoatsworthe5@bigcartel.com,Female,125.180.83.67
511,Teddi,Cinavas,tcinavase6@booking.com,Female,144.181.185.71
512,Lila,Elen,lelene7@blogspot.com,Non-binary,247.54.151.236
513,Rodrigo,Hindenberger,rhindenbergere8@abc.net.au,Male,29.19.56.175
514,Symon,Botterman,sbottermane9@privacy.gov.au,Male,226.6.39.7
515,Jori,Dykes,jdykesea@flavors.me,Female,146.159.64.135
516,Kellen,McGinnell,kmcginnelleb@edublogs.org,Male,91.50.167.114
517,Tyrone,Bonnyson,tbonnysonec@time.com,Polygender,146.42.22.246
518,Masha,Fellibrand,mfellibranded@google.cn,Female,187.63.203.106
519,Horatius,Mortell,hmortellee@canalblog.com,Male,188.220.85.185
520,Ricky,Kettlestring,rkettlestringef@squarespace.com,Female,112.203.18.50
521,Lauretta,Yanez,lyanezeg@example.com,Polygender,82.25.55.209
522,Rice,Niland,rnilandeh@flickr.com,Male,217.101.142.213
523,Aurelea,Ventom,aventomei@google.co.jp,Bigender,108.122.183.7
524,Elsa,Paragreen,eparagreenej@tripod.com,Female,9.140.199.40
525,Leshia,Karolovsky,lkarolovskyek@europa.eu,Female,155.202.49.187
526,Wildon,Pagnin,wpagninel@csmonitor.com,Male,91.58.7.114
527,Bess,Killbey,bkillbeyem@surveymonkey.com,Female,239.161.3.142
528,Ardelia,Breming,abremingen@themeforest.net,Female,25.63.194.96
529,Vernon,Climar,vclimareo@amazon.com,Agender,107.42.138.106
530,Minnaminnie,Saffle,msaffleep@eepurl.com,Non-binary,116.9.245.66
531,Melly,Castagne,mcastagneeq@miibeian.gov.cn,Female,217.176.145.131
532,Darbie,Conlaund,dconlaunder@sogou.com,Female,241.234.91.6
533,Jacquie,Peake,jpeakees@dyndns.org,Female,12.169.217.100
534,Rozalin,Jirus,rjiruset@hostgator.com,Female,88.131.127.15
535,Hilario,Flude,hfludeeu@cbc.ca,Male,30.102.19.9
536,Kelbee,Aspinal,kaspinalev@geocities.com,Male,87.185.98.100
537,Devora,O'Loughlin,doloughlinew@twitter.com,Female,75.242.253.109
538,Ryan,Harsnipe,rharsnipeex@mashable.com,Male,246.194.58.8
539,Hanni,Avent,haventey@europa.eu,Female,3.131.160.141
540,Netty,Bromet,nbrometez@ucla.edu,Female,116.81.78.155
541,Pepillo,Cubin,pcubinf0@aol.com,Male,190.197.193.228
542,Westbrooke,Bellay,wbellayf1@admin.ch,Male,252.130.60.4
543,Daphna,Iczokvitz,diczokvitzf2@yellowpages.com,Female,240.112.5.47
544,Elijah,Ide,eidef3@slideshare.net,Male,78.34.101.139
545,Philis,Deinert,pdeinertf4@cam.ac.uk,Female,123.69.215.121
546,Anthiathia,Paireman,apairemanf5@redcross.org,Female,145.29.236.218
547,Kale,Quaife,kquaifef6@foxnews.com,Male,208.19.100.40
548,Salomo,Gillio,sgilliof7@diigo.com,Male,59.113.232.48
549,Blake,Woodeson,bwoodesonf8@gov.uk,Male,242.133.165.140
550,Gavan,Pittel,gpittelf9@baidu.com,Male,94.226.127.79
551,Karon,Shawell,kshawellfa@webmd.com,Female,87.27.157.205
552,Marvin,Korpal,mkorpalfb@networksolutions.com,Male,22.232.194.123
553,Sophronia,Woolley,swoolleyfc@bloglines.com,Female,58.108.6.99
554,Julius,Toogood,jtoogoodfd@epa.gov,Male,227.95.81.150
555,Tammie,Cleveley,tcleveleyfe@utexas.edu,Female,5.39.219.84
556,Zola,Brixey,zbrixeyff@nydailynews.com,Female,159.99.91.2
557,Jacqui,Towriss,jtowrissfg@who.int,Female,154.39.19.184
558,Sky,Petrowsky,spetrowskyfh@amazon.de,Male,87.224.195.108
559,Elysha,Burnie,eburniefi@technorati.com,Female,130.198.120.107
560,Joannes,Antoszczyk,jantoszczykfj@netvibes.com,Female,153.227.88.86
561,Demeter,Keetley,dkeetleyfk@patch.com,Female,87.85.179.122
562,Hortensia,Nacci,hnaccifl@smugmug.com,Female,203.83.181.90
563,Johnny,Attenburrow,jattenburrowfm@sciencedirect.com,Genderfluid,145.205.20.117
564,Raye,Bucknall,rbucknallfn@utexas.edu,Female,143.79.71.159
565,Teresa,Prendiville,tprendivillefo@gov.uk,Female,127.154.192.203
566,Veronike,Hue,vhuefp@latimes.com,Female,171.215.156.176
567,Heinrik,Rove,hrovefq@army.mil,Male,91.253.131.115
568,Clotilda,Shillington,cshillingtonfr@alibaba.com,Female,194.241.112.83
569,Selinda,Tebbet,stebbetfs@pcworld.com,Female,89.215.83.254
570,Rochelle,Saice,rsaiceft@domainmarket.com,Female,151.51.104.31
571,Wallis,Jakeway,wjakewayfu@nifty.com,Male,132.87.136.126
572,Felicle,Haton,fhatonfv@fema.gov,Female,248.122.5.239
573,Alfie,Stoner,astonerfw@goodreads.com,Male,153.11.161.128
574,Gui,Szymanowicz,gszymanowiczfx@posterous.com,Agender,161.10.41.53
575,Marijn,McIlwreath,mmcilwreathfy@163.com,Male,234.25.167.79
576,Mar,Ciccotti,mciccottifz@cnn.com,Male,181.167.163.81
577,Frans,Coward,fcowardg0@cdc.gov,Male,170.10.53.184
578,Jeanelle,Phizackarley,jphizackarleyg1@boston.com,Female,88.113.160.216
579,Krissy,Forgie,kforgieg2@wikimedia.org,Female,193.163.86.90
580,Brant,MacAiline,bmacailineg3@youku.com,Male,78.167.119.132
581,Aldridge,Abbay,aabbayg4@lulu.com,Male,188.85.244.125
582,Mikey,Kaas,mkaasg5@nationalgeographic.com,Male,209.228.136.56
583,Dennis,Beccero,dbeccerog6@histats.com,Agender,29.205.47.251
584,Kym,Kennler,kkennlerg7@yellowbook.com,Female,206.59.113.108
585,Constanta,Jarvis,cjarvisg8@dailymail.co.uk,Female,92.109.19.36
586,Kippar,Tapner,ktapnerg9@reference.com,Bigender,1.131.46.228
587,Barbey,Bremen,bbremenga@google.cn,Non-binary,17.5.75.212
588,Benito,Kluss,bklussgb@is.gd,Male,216.146.245.193
589,Rochester,Alywin,ralywingc@wikispaces.com,Male,137.8.35.17
590,Almire,Baldin,abaldingd@hugedomains.com,Female,21.211.78.2
591,Agnola,Vardon,avardonge@digg.com,Female,164.151.228.25
592,Elfie,Denyer,edenyergf@shinystat.com,Female,181.242.200.226
593,Krysta,Queen,kqueengg@omniture.com,Genderfluid,104.111.53.80
594,Hodge,Janisson,hjanissongh@wired.com,Male,215.243.78.240
595,Kathie,Farmar,kfarmargi@desdev.cn,Female,73.168.14.90
596,Hally,Studeart,hstudeartgj@so-net.ne.jp,Female,100.89.27.186
597,Ashlan,Downage,adownagegk@upenn.edu,Female,229.14.74.189
598,Chet,Coker,ccokergl@businessinsider.com,Male,47.2.127.90
599,Raphael,Fratson,rfratsongm@gmpg.org,Male,150.164.255.22
600,Gibby,Gossipin,ggossipingn@techcrunch.com,Male,171.172.2.58
601,Cointon,Gadie,cgadiego@cyberchimps.com,Male,81.195.44.164
602,Desiree,Doolan,ddoolangp@reuters.com,Genderfluid,186.58.0.111
603,Dolorita,Dennis,ddennisgq@discuz.net,Female,0.172.229.104
604,Thaddus,Mewburn,tmewburngr@engadget.com,Male,218.30.86.0
605,Rand,Seagood,rseagoodgs@flavors.me,Male,175.228.198.130
606,Misha,Blankett,mblankettgt@unicef.org,Female,237.179.156.160
607,Blaire,Polk,bpolkgu@netvibes.com,Female,224.191.40.61
608,Elisha,Adger,eadgergv@wisc.edu,Female,25.7.244.248
609,Milicent,Bayfield,mbayfieldgw@ow.ly,Female,37.176.131.8
610,Gretchen,Hurlestone,ghurlestonegx@lycos.com,Female,41.89.208.32
611,Hubie,Greave,hgreavegy@loc.gov,Male,71.86.68.6
612,Golda,Wayon,gwayongz@rediff.com,Female,98.6.250.179
613,Meggy,Flaxon,mflaxonh0@clickbank.net,Female,75.212.18.169
614,Anabelle,Parvin,aparvinh1@tmall.com,Female,182.191.64.180
615,Brewer,Handrek,bhandrekh2@prweb.com,Male,12.209.113.93
616,Aguie,Hagstone,ahagstoneh3@4shared.com,Male,13.90.117.44
617,Demetris,Shower,dshowerh4@amazon.com,Female,122.161.50.157
618,Waverley,Goggins,wgogginsh5@google.co.uk,Male,89.197.9.65
619,Baxter,Sibyllina,bsibyllinah6@acquirethisname.com,Male,252.253.13.161
620,Jenni,Rappport,jrappporth7@blogtalkradio.com,Polygender,85.125.61.101
621,Illa,Denness,idennessh8@patch.com,Female,234.33.61.155
622,Nadya,Tamplin,ntamplinh9@mtv.com,Female,64.74.94.145
623,Zed,Geoghegan,zgeogheganha@virginia.edu,Male,0.129.255.238
624,Marilee,Godney,mgodneyhb@trellian.com,Genderfluid,80.128.7.84
625,Eldredge,Croydon,ecroydonhc@examiner.com,Male,41.202.233.124
626,Hartwell,St. Ledger,hstledgerhd@yolasite.com,Male,66.100.223.51
627,Dulcy,Tuny,dtunyhe@economist.com,Female,236.210.74.99
628,Phillip,Anear,panearhf@feedburner.com,Male,239.142.81.127
629,Constantin,Serck,cserckhg@pen.io,Bigender,117.120.202.101
630,Alison,Leynagh,aleynaghhh@biblegateway.com,Female,102.143.103.239
631,Maddie,Ellicombe,mellicombehi@bbb.org,Female,59.120.16.37
632,Lara,Rubenov,lrubenovhj@cisco.com,Female,145.146.164.17
633,Rabbi,Braams,rbraamshk@google.com,Male,234.76.110.15
634,Katti,Lingwood,klingwoodhl@example.com,Female,166.174.192.220
635,Midge,McIsaac,mmcisaachm@google.fr,Female,139.220.165.241
636,Lexis,Maystone,lmaystonehn@addtoany.com,Female,205.202.216.87
637,Hugibert,Daenen,hdaenenho@wikispaces.com,Male,150.106.129.210
638,Arleta,Peerless,apeerlesshp@stumbleupon.com,Female,70.105.222.165
639,Zared,Senchenko,zsenchenkohq@wufoo.com,Male,90.85.67.16
640,Kayla,Leynagh,kleynaghhr@feedburner.com,Female,39.184.67.53
641,Lawry,Schultes,lschulteshs@businessweek.com,Male,32.174.52.147
642,Salvador,Scare,sscareht@com.com,Male,179.60.83.63
643,Donielle,Assender,dassenderhu@lulu.com,Female,162.29.226.161
644,Blythe,De la Zenne,bdelazennehv@examiner.com,Female,157.112.44.107
645,Amberly,Klulik,aklulikhw@rambler.ru,Female,142.156.4.97
646,Tuckie,Asling,taslinghx@nydailynews.com,Male,39.38.3.166
647,Karalynn,Prodrick,kprodrickhy@google.co.jp,Female,82.190.1.217
648,Fayette,Bigrigg,fbigrigghz@naver.com,Female,162.251.176.227
649,Mitch,Teacy,mteacyi0@mail.ru,Male,32.18.120.101
650,Earle,Belfitt,ebelfitti1@parallels.com,Male,7.84.69.36
651,Stillmann,Breddy,sbreddyi2@lulu.com,Bigender,177.249.146.237
652,Casandra,Dobbings,cdobbingsi3@live.com,Female,43.82.79.39
653,Corliss,Duddan,cduddani4@sakura.ne.jp,Female,205.54.76.160
654,Sayre,Watton,swattoni5@digg.com,Male,27.240.72.235
655,Konrad,Blincow,kblincowi6@pagesperso-orange.fr,Male,112.171.67.239
656,Sybil,Steart,sstearti7@ezinearticles.com,Female,88.153.86.215
657,Lurleen,Andreazzi,landreazzii8@mapy.cz,Female,185.23.208.241
658,Emilio,Caffery,ecafferyi9@webs.com,Male,103.2.17.206
659,Kean,Ciardo,kciardoia@twitter.com,Male,6.201.167.252
660,Paddy,Murdy,pmurdyib@paginegialle.it,Non-binary,201.73.79.201
661,Fiann,Dutteridge,fdutteridgeic@ask.com,Female,26.43.59.138
662,Aurie,Goodlud,agoodludid@jalbum.net,Female,169.76.2.65
663,Euphemia,Guiu,eguiuie@odnoklassniki.ru,Female,16.130.88.109
664,Thia,Hearn,thearnif@live.com,Genderqueer,197.236.79.215
665,Yoko,Van der Krui,yvanderkruiig@freewebs.com,Female,50.255.165.76
666,Morrie,Ianson,miansonih@devhub.com,Male,202.210.31.113
667,Cedric,Lisimore,clisimoreii@earthlink.net,Male,235.197.9.154
668,Shina,Kamena,skamenaij@prlog.org,Female,116.183.38.100
669,Waly,Fretwell,wfretwellik@oaic.gov.au,Female,54.47.209.39
670,Etan,Nurden,enurdenil@aol.com,Male,7.32.95.154
671,Karry,Lewton,klewtonim@jugem.jp,Female,93.74.166.205
672,Lewiss,Tracey,ltraceyin@discovery.com,Male,249.154.5.238
673,Nicol,Marke,nmarkeio@bing.com,Polygender,158.113.50.62
674,Vivienne,Erskine,verskineip@va.gov,Female,131.246.84.14
675,Violante,Hunnisett,vhunnisettiq@who.int,Genderfluid,59.237.107.176
676,Bail,Glantz,bglantzir@livejournal.com,Bigender,133.98.70.126
677,Nicky,Lakeman,nlakemanis@yale.edu,Agender,14.227.190.251
678,Alec,Wace,awaceit@ft.com,Male,109.23.43.172
679,Clementia,Sappy,csappyiu@over-blog.com,Non-binary,75.95.4.200
680,Aldis,Sein,aseiniv@gnu.org,Male,170.157.155.130
681,Regan,Crackel,rcrackeliw@biblegateway.com,Female,67.176.72.110
682,Orbadiah,Corck,ocorckix@over-blog.com,Non-binary,184.119.197.190
683,Margaret,Sircomb,msircombiy@who.int,Female,238.55.67.154
684,Ellsworth,Goldring,egoldringiz@facebook.com,Male,138.98.160.150
685,Allin,Lyle,alylej0@arizona.edu,Male,119.196.53.94
686,Perkin,Figin,pfiginj1@unblog.fr,Male,195.26.51.168
687,Mathe,Alcock,malcockj2@list-manage.com,Male,38.40.203.50
688,Laurette,Shillan,lshillanj3@phpbb.com,Female,78.11.33.56
689,Nelli,Kirkbright,nkirkbrightj4@ow.ly,Female,225.92.218.228
690,Merv,McCaskill,mmccaskillj5@pcworld.com,Male,158.207.191.213
691,Torie,Marjoribanks,tmarjoribanksj6@unc.edu,Female,123.202.73.21
692,Kellia,Wiggin,kwigginj7@purevolume.com,Female,86.57.25.177
693,Nessi,Legerwood,nlegerwoodj8@delicious.com,Non-binary,200.117.33.187
694,Cozmo,Gookey,cgookeyj9@smugmug.com,Male,142.101.252.48
695,Benny,Gansbuhler,bgansbuhlerja@vkontakte.ru,Female,59.24.67.29
696,Tara,Riquet,triquetjb@ted.com,Female,177.190.15.213
697,Melisenda,Scarce,mscarcejc@indiatimes.com,Genderqueer,100.14.155.23
698,Lisetta,Andrioni,landrionijd@soundcloud.com,Female,194.58.195.120
699,Hanan,Firbanks,hfirbanksje@seattletimes.com,Male,140.85.130.43
700,Albina,Dormand,adormandjf@usnews.com,Female,177.132.237.236
701,Antoni,Deller,adellerjg@multiply.com,Male,161.144.166.9
702,Curry,D'Hooghe,cdhooghejh@utexas.edu,Male,50.249.239.38
703,Brittne,Gold,bgoldji@scribd.com,Female,64.75.220.202
704,Yard,Clappson,yclappsonjj@jigsy.com,Male,58.208.148.124
705,Shaylynn,Michelotti,smichelottijk@nih.gov,Female,93.26.160.45
706,Tansy,Overstone,toverstonejl@edublogs.org,Female,139.230.251.125
707,Thorndike,Nunes Nabarro,tnunesnabarrojm@mysql.com,Male,6.108.77.105
708,Janaya,Furlow,jfurlowjn@prnewswire.com,Female,95.48.216.129
709,Stirling,Downham,sdownhamjo@barnesandnoble.com,Male,15.90.47.82
710,Luisa,North,lnorthjp@instagram.com,Female,60.195.148.194
711,Jared,Queenborough,jqueenboroughjq@usa.gov,Male,230.73.203.109
712,Rorke,Knight,rknightjr@craigslist.org,Male,171.150.161.218
713,Dorri,Klimowicz,dklimowiczjs@angelfire.com,Female,36.102.161.221
714,Bessy,Ioannidis,bioannidisjt@opensource.org,Agender,69.21.212.36
715,Reggie,Resun,rresunju@unc.edu,Female,210.64.19.68
716,Bertrand,Romagosa,bromagosajv@google.com.au,Male,42.80.122.158
717,Rubetta,Caulliere,rcaullierejw@acquirethisname.com,Female,85.51.182.87
718,Gussie,Lanmeid,glanmeidjx@spotify.com,Female,41.70.252.135
719,Lezley,Stritton,lstrittonjy@ycombinator.com,Male,40.191.238.213
720,Vinny,Haughin,vhaughinjz@ebay.com,Female,118.132.222.27
721,Rik,Ottawell,rottawellk0@sfgate.com,Male,200.47.105.19
722,Silvano,Bendley,sbendleyk1@github.com,Male,201.226.123.175
723,Yalonda,Kayes,ykayesk2@noaa.gov,Female,222.21.115.37
724,Nalani,Geeritz,ngeeritzk3@blogtalkradio.com,Female,145.139.59.187
725,Jacklin,Spurriar,jspurriark4@oakley.com,Female,247.66.151.91
726,Bertrand,Danks,bdanksk5@chronoengine.com,Male,88.126.136.88
727,Ada,Yurov,ayurovk6@artisteer.com,Female,114.149.188.85
728,Neddy,Shemilt,nshemiltk7@cnet.com,Male,145.105.181.165
729,Candra,Alliston,callistonk8@tiny.cc,Female,25.34.54.99
730,Celinka,Ilyukhov,cilyukhovk9@example.com,Female,4.145.156.14
731,Annaliese,Schachter,aschachterka@about.me,Female,137.48.200.114
732,Fonz,Oldcote,foldcotekb@ebay.co.uk,Male,93.177.62.189
733,Robinson,Allanby,rallanbykc@boston.com,Male,175.109.17.47
734,Andrea,Downing,adowningkd@theatlantic.com,Female,48.134.177.175
735,Adelle,Redgrove,aredgroveke@amazon.de,Female,146.169.69.158
736,Cindee,Herity,cheritykf@craigslist.org,Female,176.56.53.11
737,Caroline,Aprahamian,caprahamiankg@hhs.gov,Female,166.220.106.74
738,Janette,Malcher,jmalcherkh@topsy.com,Female,180.201.183.49
739,Dyna,Climer,dclimerki@feedburner.com,Female,16.55.176.64
740,Caritta,Syphas,csyphaskj@lulu.com,Bigender,188.195.90.100
741,Roseline,Fosdike,rfosdikekk@liveinternet.ru,Female,38.45.135.144
742,Agretha,Legge,aleggekl@networksolutions.com,Female,149.57.47.203
743,Matteo,Norrington,mnorringtonkm@nymag.com,Male,6.178.169.204
744,Francine,Pfertner,fpfertnerkn@miibeian.gov.cn,Agender,216.15.156.194
745,Ervin,Orneblow,eorneblowko@cocolog-nifty.com,Male,117.129.196.77
746,Pennie,Deards,pdeardskp@youku.com,Female,54.123.46.52
747,Lucky,Lockless,llocklesskq@blinklist.com,Female,41.113.107.55
748,Rod,Kent,rkentkr@oracle.com,Male,245.242.108.65
749,Paulita,Emett,pemettks@ucla.edu,Female,18.120.22.65
750,Hadleigh,Penquet,hpenquetkt@prnewswire.com,Male,128.46.59.238
751,Ev,Provost,eprovostku@facebook.com,Male,124.87.7.132
752,Kirsteni,Kneeland,kkneelandkv@soup.io,Female,68.74.132.133
753,Aleece,Kintzel,akintzelkw@sciencedaily.com,Female,253.3.42.173
754,Sheryl,Mikalski,smikalskikx@themeforest.net,Female,224.50.29.173
755,Daniela,Ladloe,dladloeky@freewebs.com,Agender,228.59.189.133
756,Yanaton,Filgate,yfilgatekz@psu.edu,Male,130.219.148.139
757,Paco,Manclark,pmanclarkl0@yale.edu,Male,62.194.208.112
758,Rustie,Farriar,rfarriarl1@adobe.com,Male,155.51.22.65
759,Hyacinthe,Nowaczyk,hnowaczykl2@clickbank.net,Female,213.2.8.82
760,Raphaela,Treffrey,rtreffreyl3@edublogs.org,Female,27.211.141.96
761,Nicol,Brushfield,nbrushfieldl4@clickbank.net,Male,251.101.121.100
762,Joeann,Catton,jcattonl5@bing.com,Female,33.110.137.163
763,Genny,Membry,gmembryl6@google.de,Agender,94.28.20.149
764,Hatty,Poppy,hpoppyl7@ustream.tv,Female,224.196.215.193
765,Yule,Barker,ybarkerl8@youtube.com,Male,208.7.235.10
766,Terri,Dhennin,tdhenninl9@pbs.org,Genderqueer,6.203.45.98
767,Sascha,Jakel,sjakella@blog.com,Male,117.39.139.196
768,Katlin,Crate,kcratelb@yolasite.com,Female,18.197.236.176
769,Kenna,Prentice,kprenticelc@house.gov,Female,152.18.216.156
770,Thibaud,Maylin,tmaylinld@cam.ac.uk,Male,101.247.112.147
771,Georgine,Zute,gzutele@freewebs.com,Female,183.72.11.25
772,Britteny,Kleinhaut,bkleinhautlf@ovh.net,Female,132.102.164.199
773,Cherilynn,Gammett,cgammettlg@ameblo.jp,Female,45.179.199.119
774,Alphard,Gresswood,agresswoodlh@psu.edu,Male,193.145.130.120
775,Stevie,Pomroy,spomroyli@fda.gov,Male,45.100.68.137
776,Gerick,MacLardie,gmaclardielj@ftc.gov,Male,156.19.151.66
777,Jasmina,Orridge,jorridgelk@ezinearticles.com,Female,248.244.195.35
778,Blaire,Lochet,blochetll@unicef.org,Female,92.228.30.247
779,Gray,Ducrow,gducrowlm@blogspot.com,Female,61.42.237.36
780,Ilyse,Petrenko,ipetrenkoln@census.gov,Female,130.232.85.4
781,Mata,Cussen,mcussenlo@creativecommons.org,Male,164.24.168.14
782,Ky,Scneider,kscneiderlp@ft.com,Male,73.227.52.223
783,Klara,Beardall,kbeardalllq@microsoft.com,Female,254.129.24.138
784,Sigismundo,Leimster,sleimsterlr@about.me,Male,136.153.183.86
785,Alex,Darcy,adarcyls@t-online.de,Female,87.254.71.208
786,Oriana,Kleehuhler,okleehuhlerlt@java.com,Female,116.121.82.254
787,Georgie,Timewell,gtimewelllu@dedecms.com,Male,234.95.54.62
788,Monti,Wilsey,mwilseylv@google.nl,Male,117.154.96.167
789,Lemuel,Balm,lbalmlw@ucsd.edu,Male,189.119.5.128
790,Teresa,Portchmouth,tportchmouthlx@weebly.com,Female,242.99.251.242
791,Rosco,Chace,rchacely@guardian.co.uk,Male,162.221.38.198
792,Nessie,Axell,naxelllz@linkedin.com,Female,12.131.6.195
793,Fredek,Jilliss,fjillissm0@newsvine.com,Male,40.199.111.71
794,Ryan,Worral,rworralm1@europa.eu,Male,181.222.16.12
795,Alyda,Slane,aslanem2@shop-pro.jp,Female,119.211.105.58
796,Thatcher,Sazio,tsaziom3@geocities.com,Male,101.253.79.125
797,Barth,Yukhnev,byukhnevm4@weather.com,Male,201.113.128.214
798,Bert,Yeabsley,byeabsleym5@vkontakte.ru,Male,108.222.200.150
799,Shirlene,Marginson,smarginsonm6@example.com,Female,173.243.190.215
800,Sascha,Normanvill,snormanvillm7@yellowbook.com,Female,130.146.14.130
801,Nolly,Attryde,nattrydem8@cocolog-nifty.com,Male,63.85.89.139
802,Cam,Marflitt,cmarflittm9@over-blog.com,Male,95.6.25.9
803,Chrotoem,Diboll,cdibollma@ebay.com,Male,171.150.59.172
804,Allyn,Klimshuk,aklimshukmb@reference.com,Female,4.165.241.247
805,Frannie,Spottiswood,fspottiswoodmc@github.com,Female,118.165.39.107
806,Vikky,Botten,vbottenmd@sakura.ne.jp,Female,212.245.9.139
807,Nobie,Abbiss,nabbissme@imdb.com,Male,23.189.46.111
808,Austin,Statersfield,astatersfieldmf@omniture.com,Female,243.222.82.10
809,Jacqueline,Stichall,jstichallmg@army.mil,Female,149.79.73.83
810,Wheeler,Dunsmore,wdunsmoremh@issuu.com,Genderfluid,135.116.84.26
811,Greggory,Rydings,grydingsmi@google.it,Male,160.17.218.103
812,Cletis,Cello,ccellomj@topsy.com,Male,149.180.218.186
813,Tony,Atkinson,tatkinsonmk@imdb.com,Female,161.100.124.119
814,Brinn,Spalding,bspaldingml@angelfire.com,Female,16.239.164.100
815,Cathrin,Bann,cbannmm@twitpic.com,Female,87.34.5.197
816,Peri,Rainsdon,prainsdonmn@archive.org,Female,42.152.219.193
817,Lloyd,Rubinowicz,lrubinowiczmo@nymag.com,Male,101.64.216.158
818,Belicia,Gidney,bgidneymp@so-net.ne.jp,Female,86.84.138.12
819,Ellen,Rosenshine,erosenshinemq@t-online.de,Female,120.123.243.243
820,Tanhya,Gudde,tguddemr@1688.com,Female,27.201.39.115
821,Tybie,Butchard,tbutchardms@g.co,Female,171.217.219.253
822,Carey,Dannohl,cdannohlmt@symantec.com,Female,219.237.57.27
823,Willi,Darco,wdarcomu@google.co.jp,Male,180.201.4.124
824,Sal,Wybron,swybronmv@dot.gov,Male,35.67.64.84
825,Kristen,Burlingham,kburlinghammw@wordpress.com,Female,202.226.182.0
826,Dorotea,Goodale,dgoodalemx@vimeo.com,Female,16.251.33.187
827,Layton,Duligall,lduligallmy@ucoz.com,Male,3.206.243.31
828,Garvy,Straughan,gstraughanmz@vk.com,Male,183.167.36.41
829,Xerxes,Siderfin,xsiderfinn0@bing.com,Male,48.102.0.193
830,Jobi,O'Fallon,jofallonn1@i2i.jp,Female,103.24.9.187
831,Everard,Westcarr,ewestcarrn2@apache.org,Male,246.98.66.240
832,Grazia,Camp,gcampn3@nyu.edu,Female,112.57.18.188
833,Rodney,Pinchen,rpinchenn4@marketwatch.com,Male,26.213.44.78
834,Cullie,Drugan,cdrugann5@sogou.com,Male,34.70.96.244
835,Celestina,Tanton,ctantonn6@tinypic.com,Female,125.50.8.206
836,Regen,Blyden,rblydenn7@twitter.com,Male,214.30.22.168
837,Mela,Haker,mhakern8@gnu.org,Female,229.5.7.0
838,Bendix,Oliveras,boliverasn9@virginia.edu,Male,146.66.139.47
839,Pandora,Fere,pferena@t.co,Female,51.117.154.106
840,Darb,Asplen,dasplennb@mapquest.com,Female,211.168.252.135
841,Tonye,Edmead,tedmeadnc@auda.org.au,Female,124.51.65.25
842,Garnet,O'Loughane,goloughanend@eventbrite.com,Female,222.223.140.189
843,Guenna,Colt,gcoltne@wisc.edu,Female,182.27.158.168
844,Dimitry,Rosevear,drosevearnf@feedburner.com,Male,199.10.83.251
845,Myrtice,Buckston,mbuckstonng@hc360.com,Polygender,91.56.154.20
846,Jodie,Valeri,jvalerinh@histats.com,Female,55.9.229.145
847,Marcella,Hasselby,mhasselbyni@yandex.ru,Female,129.238.44.121
848,Graig,Sarah,gsarahnj@blinklist.com,Male,120.43.213.226
849,Ado,Smalman,asmalmannk@reverbnation.com,Male,129.220.130.152
850,Cheston,Jennemann,cjennemannnl@cam.ac.uk,Male,112.126.101.85
851,De witt,Hawgood,dhawgoodnm@devhub.com,Male,164.115.82.176
852,Donaugh,Salle,dsallenn@cornell.edu,Male,187.194.222.137
853,Christina,Kirkbride,ckirkbrideno@odnoklassniki.ru,Non-binary,69.211.200.92
854,Gallagher,Merdew,gmerdewnp@hexun.com,Male,135.203.63.255
855,Elmore,Antunes,eantunesnq@blogger.com,Male,91.235.187.169
856,Tonye,Fylan,tfylannr@csmonitor.com,Female,83.93.100.235
857,Karissa,McNeilly,kmcneillyns@instagram.com,Female,189.49.133.194
858,Cory,Hendrix,chendrixnt@mozilla.org,Male,97.205.85.207
859,Charmaine,Somerset,csomersetnu@samsung.com,Female,174.193.103.140
860,Tessa,Jonczyk,tjonczyknv@dagondesign.com,Female,154.13.213.175
861,Cecil,Yexley,cyexleynw@vistaprint.com,Male,163.157.75.113
862,Teodor,Oxtiby,toxtibynx@hc360.com,Male,152.116.150.1
863,Galven,Cornfoot,gcornfootny@archive.org,Male,96.230.164.90
864,Merry,Goldwater,mgoldwaternz@icq.com,Agender,183.236.56.101
865,Gayla,Bessett,gbessetto0@blinklist.com,Female,2.205.3.167
866,Guinna,Carefull,gcarefullo1@cafepress.com,Female,89.4.168.54
867,Ferne,Boxe,fboxeo2@businessinsider.com,Female,182.28.196.211
868,Franni,Stonebanks,fstonebankso3@dmoz.org,Female,30.212.141.99
869,Sybille,Millins,smillinso4@walmart.com,Female,111.13.21.126
870,Fancy,Grzegorzewski,fgrzegorzewskio5@cyberchimps.com,Non-binary,180.38.112.209
871,Jone,Berns,jbernso6@vkontakte.ru,Male,211.35.157.251
872,Michal,Aldritt,maldritto7@usda.gov,Male,49.109.119.65
873,Zandra,Fanthome,zfanthomeo8@freewebs.com,Female,7.63.117.126
874,Fulvia,Flaunders,fflaunderso9@baidu.com,Female,116.109.199.155
875,Mattie,Broxup,mbroxupoa@biblegateway.com,Female,138.223.27.227
876,Olivero,Rippingall,orippingallob@wufoo.com,Male,147.37.54.2
877,Tallia,Cheater,tcheateroc@amazonaws.com,Female,22.17.53.24
878,Erminie,Blunden,eblundenod@technorati.com,Female,236.139.192.120
879,Trenton,Slamaker,tslamakeroe@furl.net,Male,91.40.110.47
880,Charo,Avraam,cavraamof@mail.ru,Female,144.42.45.182
881,Bess,Tyndall,btyndallog@amazon.com,Female,22.168.251.71
882,Kirstin,Lowman,klowmanoh@huffingtonpost.com,Female,181.117.158.89
883,Ambrosius,Tabram,atabramoi@last.fm,Male,249.50.243.73
884,Erv,Titterington,etitteringtonoj@about.me,Male,40.114.96.156
885,Jolee,Ludwell,jludwellok@multiply.com,Female,246.239.255.82
886,Nealson,Bissex,nbissexol@usgs.gov,Male,160.184.44.173
887,Everard,Neenan,eneenanom@ovh.net,Genderqueer,227.172.48.154
888,Jayne,Worledge,jworledgeon@wordpress.com,Female,226.0.8.35
889,Kerrie,Bowland,kbowlandoo@phoca.cz,Female,181.214.58.203
890,Sharleen,Van Halle,svanhalleop@mapquest.com,Female,184.254.46.233
891,Lanny,Escoffrey,lescoffreyoq@newsvine.com,Genderqueer,84.107.85.252
892,Wes,Cosbey,wcosbeyor@issuu.com,Non-binary,129.18.251.199
893,Mattheus,Vanes,mvanesos@ovh.net,Male,56.167.152.143
894,Lonnard,Tuite,ltuiteot@china.com.cn,Male,62.229.83.197
895,Patrice,Odeson,podesonou@scribd.com,Female,97.195.250.224
896,Far,Bettis,fbettisov@scribd.com,Male,11.64.167.103
897,Felicio,Parsley,fparsleyow@about.com,Male,236.161.124.160
898,Cherianne,Saffer,csafferox@liveinternet.ru,Female,44.140.61.189
899,Francois,Drewitt,fdrewittoy@elpais.com,Male,63.188.81.52
900,Gaspar,Balcombe,gbalcombeoz@tmall.com,Male,133.173.202.33
901,Sosanna,Tirrell,stirrellp0@dailymail.co.uk,Female,238.190.187.231
902,Gerhard,Noblet,gnobletp1@bloglines.com,Male,153.37.195.105
903,Luke,Prince,lprincep2@latimes.com,Male,71.76.230.63
904,Anastassia,Everson,aeversonp3@cafepress.com,Female,161.138.188.159
905,Antonella,Treadger,atreadgerp4@disqus.com,Female,45.116.75.172
906,Clarie,Chomiszewski,cchomiszewskip5@state.tx.us,Genderqueer,128.164.116.68
907,Tamara,Bartley,tbartleyp6@tripadvisor.com,Female,13.14.75.255
908,Hazel,Dorow,hdorowp7@creativecommons.org,Female,87.159.114.250
909,Barty,Murr,bmurrp8@xing.com,Male,115.222.216.56
910,Dorette,Velareal,dvelarealp9@answers.com,Genderqueer,94.35.32.250
911,Tersina,Gislebert,tgislebertpa@reverbnation.com,Female,235.48.48.23
912,Cassaundra,Duiguid,cduiguidpb@soundcloud.com,Female,112.12.187.65
913,Dudley,Basant,dbasantpc@goodreads.com,Male,194.90.74.162
914,Chloe,Rummin,crumminpd@amazonaws.com,Female,135.232.79.133
915,Renato,Jorczyk,rjorczykpe@dion.ne.jp,Male,115.184.168.0
916,Corie,Mothersole,cmothersolepf@surveymonkey.com,Female,228.245.192.231
917,Myrna,Tschirschky,mtschirschkypg@netvibes.com,Female,92.184.247.206
918,Cristen,Plinck,cplinckph@typepad.com,Female,56.11.216.6
919,Alasdair,Mushett,amushettpi@topsy.com,Male,214.235.82.74
920,Stanford,Pretorius,spretoriuspj@merriam-webster.com,Male,50.244.37.187
921,Farrel,Pietrowicz,fpietrowiczpk@wikipedia.org,Male,126.177.220.197
922,Georgia,Spanswick,gspanswickpl@blogger.com,Female,58.175.226.38
923,Court,Shakesby,cshakesbypm@360.cn,Male,9.236.202.0
924,Joanna,Burl,jburlpn@marriott.com,Female,234.20.104.162
925,Blake,Culshaw,bculshawpo@slashdot.org,Female,167.182.104.48
926,Gus,Osbourn,gosbournpp@nih.gov,Female,189.162.179.162
927,Emanuel,Karchowski,ekarchowskipq@altervista.org,Male,75.69.22.70
928,Bell,Sumption,bsumptionpr@mozilla.com,Female,150.105.84.175
929,Vic,Schimann,vschimannps@liveinternet.ru,Male,140.153.2.68
930,Jilly,Labarre,jlabarrept@oaic.gov.au,Female,75.153.75.233
931,Will,Liver,wliverpu@tinypic.com,Male,4.140.43.191
932,Benn,Konke,bkonkepv@mozilla.com,Male,139.223.154.88
933,Melisande,Cleynman,mcleynmanpw@homestead.com,Female,34.120.96.158
934,Lurline,Trebble,ltrebblepx@posterous.com,Female,251.199.238.112
935,Lenna,Arkin,larkinpy@csmonitor.com,Female,214.237.212.168
936,Koenraad,Coughlan,kcoughlanpz@tiny.cc,Genderqueer,187.81.184.81
937,Demetra,Vass,dvassq0@privacy.gov.au,Female,164.155.92.137
938,Imojean,Bayns,ibaynsq1@lulu.com,Female,175.106.61.71
939,Karly,Doylend,kdoylendq2@weibo.com,Female,96.59.7.131
940,Adriena,Satterley,asatterleyq3@networksolutions.com,Female,223.143.19.117
941,Bank,Embra,bembraq4@moonfruit.com,Male,140.99.158.31
942,Alec,Gaiford,agaifordq5@dell.com,Male,78.254.210.71
943,Guthrie,O'Hoolahan,gohoolahanq6@purevolume.com,Male,205.37.6.180
944,Brook,Vokins,bvokinsq7@technorati.com,Female,52.219.85.167
945,Archambault,Boobier,aboobierq8@bravesites.com,Male,169.164.50.253
946,Genvieve,Dunkerk,gdunkerkq9@multiply.com,Female,137.53.108.208
947,Hurlee,Bellelli,hbellelliqa@sphinn.com,Male,197.1.19.31
948,Bill,Sales,bsalesqb@whitehouse.gov,Female,129.143.136.85
949,Ericka,Firidolfi,efiridolfiqc@de.vu,Female,223.144.29.84
950,Kit,Chomley,kchomleyqd@csmonitor.com,Female,211.60.240.103
951,Jemie,O'Fielly,jofiellyqe@geocities.jp,Female,232.93.207.38
952,Benjamin,Kener,bkenerqf@sbwire.com,Male,60.247.161.129
953,Dagny,Assante,dassanteqg@ow.ly,Polygender,161.67.15.234
954,Helen-elizabeth,Booth-Jarvis,hboothjarvisqh@youtu.be,Female,199.107.202.133
955,Byran,Jerman,bjermanqi@cbc.ca,Male,131.36.59.195
956,Tomasine,Ebbrell,tebbrellqj@aol.com,Female,238.102.116.49
957,Billie,Housam,bhousamqk@clickbank.net,Female,233.123.254.217
958,Emmie,Bilton,ebiltonql@prweb.com,Female,218.169.213.211
959,Brunhilda,Hunn,bhunnqm@prweb.com,Female,60.134.199.110
960,Karly,Shirer,kshirerqn@timesonline.co.uk,Female,96.137.92.89
961,Janetta,Blackford,jblackfordqo@ca.gov,Female,16.194.155.179
962,Maressa,Ferguson,mfergusonqp@xinhuanet.com,Female,157.232.152.192
963,Amery,Demongeot,ademongeotqq@instagram.com,Male,1.126.128.1
964,Magdalen,Farrell,mfarrellqr@list-manage.com,Female,83.202.161.32
965,Quinn,Emtage,qemtageqs@odnoklassniki.ru,Male,54.49.80.159
966,Fabiano,Spadotto,fspadottoqt@theatlantic.com,Male,186.55.189.170
967,Judas,Slocum,jslocumqu@theatlantic.com,Male,210.207.54.151
968,Margaretta,Fishleigh,mfishleighqv@mtv.com,Female,146.214.202.110
969,Koral,Mallan,kmallanqw@deliciousdays.com,Female,53.233.113.59
970,Sabra,Frere,sfrereqx@booking.com,Female,212.241.98.28
971,Constance,Willson,cwillsonqy@foxnews.com,Female,79.118.87.160
972,Perice,Hayhow,phayhowqz@wisc.edu,Male,50.172.56.44
973,Michele,Sidden,msiddenr0@fda.gov,Male,0.59.217.103
974,Abigale,Soppitt,asoppittr1@mail.ru,Female,29.115.16.207
975,Lacey,Aird,lairdr2@netlog.com,Female,54.167.224.134
976,Jamie,Donnellan,jdonnellanr3@networkadvertising.org,Male,96.7.144.138
977,Morie,Cranfield,mcranfieldr4@unblog.fr,Male,212.201.222.188
978,Tawsha,Tilbrook,ttilbrookr5@pagesperso-orange.fr,Female,39.247.64.186
979,Dannie,Desorts,ddesortsr6@studiopress.com,Genderfluid,188.188.159.114
980,Pepillo,Giacoppoli,pgiacoppolir7@odnoklassniki.ru,Male,123.225.16.205
981,Alley,FitzGilbert,afitzgilbertr8@wikia.com,Male,244.135.96.224
982,Kerrill,Gales,kgalesr9@lycos.com,Female,56.249.21.105
983,Rosabelle,Bartolacci,rbartolaccira@cafepress.com,Female,143.119.87.226
984,Natividad,Karlolczak,nkarlolczakrb@bloomberg.com,Female,22.164.23.161
985,Gwenora,Bodley,gbodleyrc@youku.com,Female,20.65.60.24
986,Guillaume,Mackett,gmackettrd@wordpress.com,Male,160.20.117.169
987,Odo,Kehoe,okehoere@usatoday.com,Male,91.50.109.74
988,Janos,Rzehor,jrzehorrf@webmd.com,Agender,216.168.180.186
989,Clay,Judgkins,cjudgkinsrg@simplemachines.org,Male,121.99.229.122
990,Quinn,Gotcliff,qgotcliffrh@hc360.com,Female,194.142.4.118
991,Shirlee,Matschke,smatschkeri@engadget.com,Female,147.248.91.134
992,Christoph,Bunclark,cbunclarkrj@etsy.com,Male,116.76.128.228
993,Saul,Adne,sadnerk@hexun.com,Male,244.15.232.199
994,Torin,Costell,tcostellrl@moonfruit.com,Male,140.107.250.127
995,Burty,Nerval,bnervalrm@timesonline.co.uk,Male,225.141.220.157
996,Beaufort,Allsworth,ballsworthrn@so-net.ne.jp,Male,99.63.230.152
997,Nikita,Edwards,nedwardsro@comcast.net,Male,66.102.5.203
998,Gabriella,Mauditt,gmaudittrp@weather.com,Bigender,145.133.52.145
999,Jacynth,Grioli,jgriolirq@ycombinator.com,Female,177.85.132.130
1000,Joy,Hollier,jhollierrr@toplist.cz,Female,200.168.10.93
